               epoch,      train/box_loss,      train/obj_loss,      train/cls_loss,   metrics/precision,      metrics/recall,     metrics/mAP_0.5,metrics/mAP_0.5:0.95,        val/box_loss,        val/obj_loss,        val/cls_loss,               x/lr0,               x/lr1,               x/lr2
                   0,             0.11556,            0.044743,             0.05151,           0.0001845,            0.066667,          0.00033634,           0.0001465,             0.10289,            0.032463,            0.047991,              0.0865,              0.0015,              0.0015
                   1,              0.1023,            0.045785,             0.04516,           0.0025415,             0.26961,           0.0025151,          0.00068001,            0.088723,            0.033755,            0.040655,             0.07209,           0.0030898,           0.0030898
                   2,            0.093663,            0.047105,            0.037328,            0.010546,             0.30817,            0.024897,           0.0054953,            0.076046,            0.033678,            0.025374,            0.057669,            0.004669,            0.004669
                   3,            0.088897,            0.043802,            0.027447,              0.4307,            0.094771,            0.025112,           0.0066936,            0.092215,            0.028049,             0.01806,            0.043238,           0.0062376,           0.0062376
                   4,            0.097873,            0.035458,            0.022615,             0.22449,             0.25163,            0.026423,           0.0073472,            0.096461,            0.025367,             0.01558,            0.028796,           0.0077957,           0.0077957
                   5,             0.10045,            0.032301,            0.019169,           0.0037307,             0.24695,           0.0049821,           0.0012607,             0.10967,            0.023121,            0.011431,            0.014343,           0.0093433,           0.0093433
                   6,            0.098535,            0.030861,            0.018409,             0.22252,             0.43815,            0.034574,            0.010544,             0.10536,            0.026423,            0.010471,            0.009802,            0.009802,            0.009802
                   7,            0.099282,            0.029876,            0.015949,             0.51198,              0.1163,             0.05226,            0.011108,            0.097765,            0.022016,            0.010699,            0.009802,            0.009802,            0.009802
                   8,            0.097584,            0.029955,            0.016014,             0.43479,             0.23671,            0.054538,            0.018277,            0.092485,            0.024646,            0.010211,            0.009769,            0.009769,            0.009769
                   9,             0.09821,            0.027629,            0.014698,             0.42188,             0.14236,            0.053032,            0.019004,            0.096828,             0.01883,           0.0099122,            0.009736,            0.009736,            0.009736
                  10,             0.09348,                0.03,            0.014531,             0.28409,             0.24611,            0.072849,            0.012012,            0.098086,            0.024819,           0.0081269,            0.009703,            0.009703,            0.009703
                  11,            0.095046,            0.025873,            0.014145,             0.47411,             0.17516,             0.08779,            0.015345,            0.098966,            0.017986,           0.0069127,             0.00967,             0.00967,             0.00967
                  12,            0.091829,             0.02586,            0.012638,             0.65752,             0.35399,             0.33082,             0.10186,            0.089469,            0.016818,           0.0066161,            0.009637,            0.009637,            0.009637
                  13,            0.090336,            0.030219,            0.011503,             0.66515,             0.44616,             0.52055,             0.17326,            0.083107,            0.017802,           0.0058302,            0.009604,            0.009604,            0.009604
                  14,            0.086899,            0.025592,           0.0090281,             0.43808,             0.56985,             0.33588,            0.083034,            0.092188,             0.01581,           0.0042793,            0.009571,            0.009571,            0.009571
                  15,            0.086511,            0.025013,            0.010958,             0.62782,             0.57521,             0.46437,             0.18059,            0.088207,            0.015196,           0.0048423,            0.009538,            0.009538,            0.009538
                  16,             0.08567,            0.026608,            0.010111,             0.55418,             0.67574,             0.50423,              0.1845,            0.078736,            0.017076,           0.0050274,            0.009505,            0.009505,            0.009505
                  17,            0.081678,            0.025927,            0.011218,             0.51678,             0.64578,             0.40422,             0.16717,            0.078304,            0.016858,           0.0066754,            0.009472,            0.009472,            0.009472
                  18,            0.077398,            0.023681,            0.012842,             0.48343,              0.6802,             0.46418,             0.19106,            0.072321,            0.016549,            0.008067,            0.009439,            0.009439,            0.009439
                  19,            0.075051,            0.024764,            0.012656,             0.42167,             0.66253,              0.5493,             0.15501,            0.074483,            0.018762,           0.0066418,            0.009406,            0.009406,            0.009406
                  20,            0.073308,            0.027228,            0.011078,             0.49258,             0.61351,             0.58632,             0.28519,            0.073247,            0.016465,           0.0055993,            0.009373,            0.009373,            0.009373
                  21,            0.072128,            0.026048,            0.010565,             0.66288,             0.65785,             0.82983,             0.31948,            0.071589,            0.014952,           0.0052336,             0.00934,             0.00934,             0.00934
                  22,            0.069771,            0.021953,           0.0096567,             0.54238,             0.60177,             0.74452,             0.27468,            0.070287,            0.016084,           0.0052194,            0.009307,            0.009307,            0.009307
                  23,            0.071305,            0.023256,            0.010131,             0.69037,             0.74469,             0.81815,             0.41453,            0.069062,            0.013913,           0.0048468,            0.009274,            0.009274,            0.009274
                  24,            0.069562,            0.023054,           0.0093833,             0.58497,             0.66372,             0.82999,              0.3418,            0.069131,            0.014207,           0.0047985,            0.009241,            0.009241,            0.009241
                  25,            0.068234,             0.02439,           0.0083564,             0.69948,             0.68897,             0.86961,             0.52997,            0.056796,            0.014241,           0.0050233,            0.009208,            0.009208,            0.009208
                  26,            0.065047,            0.022116,           0.0086222,             0.70619,             0.72528,             0.83844,             0.39985,            0.063219,              0.0143,           0.0046302,            0.009175,            0.009175,            0.009175
                  27,            0.062308,            0.022041,           0.0072225,             0.68333,             0.71384,              0.7255,             0.36751,            0.062784,            0.013362,           0.0045501,            0.009142,            0.009142,            0.009142
                  28,            0.064069,            0.023906,            0.007985,             0.76431,             0.70972,             0.66311,             0.39554,            0.057498,            0.013902,           0.0045272,            0.009109,            0.009109,            0.009109
                  29,            0.058904,            0.023485,           0.0077525,             0.75134,             0.72215,             0.79051,             0.47801,            0.058968,            0.014515,             0.00456,            0.009076,            0.009076,            0.009076
                  30,            0.060092,            0.019993,           0.0068698,             0.48761,             0.62657,             0.56245,             0.22535,            0.061949,            0.013003,           0.0045418,            0.009043,            0.009043,            0.009043
                  31,            0.059901,            0.021358,           0.0073303,             0.81445,             0.72081,             0.74637,             0.32425,            0.054482,            0.013172,           0.0047486,             0.00901,             0.00901,             0.00901
                  32,            0.055544,            0.022212,           0.0080483,             0.66505,             0.71658,             0.69229,             0.32063,            0.053485,            0.013143,           0.0044928,            0.008977,            0.008977,            0.008977
                  33,             0.05887,            0.021127,           0.0082038,             0.84521,             0.70986,             0.73761,             0.42359,            0.050374,            0.013287,           0.0046396,            0.008944,            0.008944,            0.008944
                  34,            0.054497,            0.021223,           0.0073922,             0.64187,             0.71201,             0.61017,             0.32161,            0.053432,            0.013285,           0.0043853,            0.008911,            0.008911,            0.008911
                  35,            0.053802,            0.023433,           0.0059141,             0.75488,             0.73297,             0.74767,             0.45181,            0.050309,            0.012805,           0.0037611,            0.008878,            0.008878,            0.008878
                  36,            0.052848,            0.021168,           0.0054916,             0.58575,             0.73902,             0.78506,             0.43736,            0.051648,            0.013133,           0.0034472,            0.008845,            0.008845,            0.008845
                  37,            0.050502,            0.022696,           0.0053597,             0.69992,             0.74475,             0.83788,             0.46906,            0.046424,            0.012284,           0.0032775,            0.008812,            0.008812,            0.008812
                  38,            0.048988,              0.0211,            0.006391,             0.64021,             0.86836,             0.86394,             0.49198,            0.046643,            0.012637,           0.0032328,            0.008779,            0.008779,            0.008779
                  39,            0.048068,            0.018382,           0.0063914,             0.62998,              0.9082,             0.90124,             0.48679,            0.047827,            0.012635,           0.0032063,            0.008746,            0.008746,            0.008746
                  40,            0.047771,            0.023076,           0.0061846,             0.76355,             0.88756,             0.96368,             0.58092,            0.046892,            0.012275,           0.0032614,            0.008713,            0.008713,            0.008713
                  41,            0.048835,            0.019339,            0.004848,             0.68155,             0.88036,             0.96038,             0.47166,            0.050061,            0.012375,           0.0033285,             0.00868,             0.00868,             0.00868
                  42,            0.049274,            0.020476,           0.0057757,             0.87794,             0.88757,             0.97926,             0.53617,            0.042817,            0.012215,           0.0036172,            0.008647,            0.008647,            0.008647
                  43,            0.044268,            0.020092,           0.0071268,             0.83895,             0.84622,             0.95334,             0.54332,            0.038275,            0.012338,           0.0038461,            0.008614,            0.008614,            0.008614
                  44,            0.044385,            0.019433,           0.0055834,             0.72118,             0.86465,             0.92128,             0.45869,            0.043669,            0.012466,           0.0035722,            0.008581,            0.008581,            0.008581
                  45,            0.043149,            0.019776,           0.0062988,             0.86028,             0.93433,             0.96505,             0.60784,            0.033338,            0.012092,           0.0038147,            0.008548,            0.008548,            0.008548
                  46,            0.042479,            0.020145,           0.0056915,             0.86749,             0.85391,             0.94607,             0.57098,            0.040828,            0.012606,           0.0037784,            0.008515,            0.008515,            0.008515
                  47,             0.04612,            0.020723,           0.0054121,             0.71846,             0.87571,             0.95468,             0.55566,            0.041736,             0.01267,           0.0033774,            0.008482,            0.008482,            0.008482
                  48,            0.044486,            0.021348,           0.0053724,             0.86841,             0.87735,             0.95918,             0.58357,            0.035338,            0.012006,           0.0033152,            0.008449,            0.008449,            0.008449
                  49,            0.040892,             0.01852,           0.0053494,              0.9185,             0.95104,             0.97046,             0.53625,            0.036921,            0.012049,           0.0035654,            0.008416,            0.008416,            0.008416
                  50,            0.037866,            0.022054,           0.0065763,             0.93789,              0.9647,             0.98596,             0.58609,            0.031382,            0.011528,           0.0034129,            0.008383,            0.008383,            0.008383
                  51,            0.035216,            0.018019,           0.0052656,             0.91838,             0.97294,             0.98735,             0.64195,            0.032031,            0.011297,            0.003272,             0.00835,             0.00835,             0.00835
                  52,            0.037248,            0.019037,           0.0053098,             0.75378,             0.84391,             0.92208,             0.42617,            0.036711,            0.011642,           0.0031768,            0.008317,            0.008317,            0.008317
                  53,            0.038074,            0.018302,           0.0048265,             0.93036,             0.85483,             0.95224,             0.60263,            0.032002,            0.011218,           0.0031606,            0.008284,            0.008284,            0.008284
                  54,            0.035396,            0.018269,           0.0050996,             0.90314,             0.94813,             0.98006,             0.62327,            0.031366,            0.011162,            0.002998,            0.008251,            0.008251,            0.008251
                  55,            0.036174,            0.020501,           0.0046899,             0.87787,             0.95165,             0.96141,             0.60378,            0.031909,            0.011452,           0.0030556,            0.008218,            0.008218,            0.008218
                  56,            0.039421,            0.019137,           0.0049178,             0.75394,             0.92852,             0.96154,             0.60032,            0.036161,            0.011652,           0.0031188,            0.008185,            0.008185,            0.008185
                  57,            0.039678,            0.019336,           0.0046725,             0.73941,             0.81531,             0.91875,             0.52457,            0.037554,            0.011085,           0.0031328,            0.008152,            0.008152,            0.008152
                  58,            0.040269,            0.017064,           0.0043647,             0.76803,             0.98118,             0.92724,             0.58138,            0.034469,            0.010735,           0.0031407,            0.008119,            0.008119,            0.008119
                  59,            0.037454,            0.017037,            0.005204,             0.89616,             0.86661,             0.91315,             0.56842,            0.033003,            0.010819,           0.0030638,            0.008086,            0.008086,            0.008086
                  60,            0.036241,            0.019172,           0.0046864,             0.90137,             0.98188,             0.98622,             0.62054,            0.032227,            0.010804,           0.0028945,            0.008053,            0.008053,            0.008053
                  61,            0.037486,            0.018794,            0.004467,             0.93161,             0.98605,             0.98758,             0.58121,            0.033954,             0.01107,           0.0029674,             0.00802,             0.00802,             0.00802
                  62,            0.035277,            0.018297,           0.0043225,             0.90052,             0.98298,             0.98492,             0.60648,            0.032784,            0.010795,           0.0029559,            0.007987,            0.007987,            0.007987
                  63,            0.036275,             0.01741,           0.0052071,             0.92251,             0.94255,              0.9583,             0.62965,            0.031683,            0.011422,           0.0030372,            0.007954,            0.007954,            0.007954
                  64,            0.033013,            0.018553,           0.0046903,             0.84281,             0.97271,             0.92083,             0.61378,             0.02804,            0.010953,           0.0031594,            0.007921,            0.007921,            0.007921
                  65,            0.032438,            0.016909,           0.0043396,             0.94072,             0.94068,             0.97693,             0.58727,             0.02962,            0.010906,           0.0029408,            0.007888,            0.007888,            0.007888
                  66,            0.032631,            0.015762,           0.0042209,             0.95278,             0.97556,              0.9863,              0.6683,            0.029103,            0.010751,           0.0027837,            0.007855,            0.007855,            0.007855
                  67,            0.034446,            0.018232,           0.0042675,             0.96318,             0.97121,             0.98565,             0.64059,            0.034986,            0.010664,           0.0028296,            0.007822,            0.007822,            0.007822
                  68,            0.034253,            0.016829,           0.0037358,             0.96944,             0.95631,             0.98563,             0.66823,            0.029993,            0.010413,           0.0027082,            0.007789,            0.007789,            0.007789
                  69,            0.037202,            0.018027,           0.0045286,             0.94467,             0.93937,             0.97989,             0.66636,            0.032911,            0.010603,           0.0027979,            0.007756,            0.007756,            0.007756
                  70,            0.034468,             0.01702,           0.0045705,              0.9473,             0.97759,             0.98244,             0.67994,            0.030889,            0.010394,           0.0029638,            0.007723,            0.007723,            0.007723
                  71,            0.033068,            0.018004,           0.0042666,             0.85449,             0.98148,             0.94789,             0.65907,            0.030024,            0.010436,            0.002786,             0.00769,             0.00769,             0.00769
                  72,            0.032284,              0.0175,           0.0041168,             0.95034,             0.97431,             0.97965,             0.66522,            0.027864,            0.010241,           0.0027546,            0.007657,            0.007657,            0.007657
                  73,            0.031323,            0.017711,           0.0034999,             0.89049,              0.9785,              0.9678,             0.65994,              0.0317,            0.010723,           0.0025523,            0.007624,            0.007624,            0.007624
                  74,            0.032365,            0.016578,           0.0036331,              0.9729,             0.97796,             0.98343,             0.68848,            0.028755,              0.0108,           0.0025305,            0.007591,            0.007591,            0.007591
                  75,             0.03005,            0.016969,           0.0035287,             0.96947,              0.9909,             0.98583,             0.70244,            0.028978,             0.01045,           0.0023147,            0.007558,            0.007558,            0.007558
                  76,            0.031992,            0.016698,           0.0030187,             0.95505,             0.97987,             0.98302,             0.68576,            0.031562,             0.01064,           0.0023106,            0.007525,            0.007525,            0.007525
                  77,            0.033116,            0.015344,           0.0049011,             0.86585,             0.98398,             0.98169,             0.66196,            0.031611,             0.01057,           0.0021682,            0.007492,            0.007492,            0.007492
                  78,            0.031981,            0.015753,           0.0040677,             0.91402,             0.96354,             0.98141,             0.68089,            0.030783,            0.010735,           0.0021655,            0.007459,            0.007459,            0.007459
                  79,            0.032967,            0.016614,           0.0032242,             0.94639,             0.94197,             0.98104,             0.67817,            0.031454,            0.010425,           0.0021392,            0.007426,            0.007426,            0.007426
                  80,            0.033051,            0.016341,           0.0037914,             0.96947,             0.97849,             0.98379,             0.72386,            0.028007,            0.010279,           0.0022993,            0.007393,            0.007393,            0.007393
                  81,            0.030037,             0.01905,           0.0036331,             0.96906,             0.97985,             0.98664,             0.74579,            0.025582,            0.010353,           0.0023538,             0.00736,             0.00736,             0.00736
                  82,            0.030624,            0.017784,           0.0035341,             0.96652,             0.97821,             0.98377,             0.68807,            0.028755,            0.010354,           0.0022889,            0.007327,            0.007327,            0.007327
                  83,              0.0304,            0.017016,           0.0035687,             0.97309,               0.978,             0.98673,             0.75442,            0.026078,           0.0099181,           0.0022775,            0.007294,            0.007294,            0.007294
                  84,            0.029249,            0.017951,           0.0039947,             0.96812,              0.9942,             0.98665,             0.70784,            0.026081,            0.010089,           0.0023223,            0.007261,            0.007261,            0.007261
                  85,            0.028993,            0.017162,           0.0038114,              0.9638,             0.97649,             0.98632,             0.70383,            0.027916,            0.010047,            0.002293,            0.007228,            0.007228,            0.007228
                  86,            0.028124,            0.014862,             0.00345,               0.972,             0.95793,             0.98247,             0.65504,            0.028626,            0.010058,           0.0023315,            0.007195,            0.007195,            0.007195
                  87,            0.029489,            0.017646,            0.003806,             0.96439,             0.97238,             0.98268,             0.69411,            0.026024,            0.009811,           0.0023262,            0.007162,            0.007162,            0.007162
                  88,            0.027113,            0.015439,           0.0032519,              0.9841,             0.97304,             0.97876,             0.69609,            0.028206,            0.010089,           0.0023587,            0.007129,            0.007129,            0.007129
                  89,            0.028952,            0.016183,           0.0028282,             0.97564,             0.97182,             0.97809,             0.68204,            0.028317,            0.010095,           0.0022174,            0.007096,            0.007096,            0.007096
                  90,            0.032453,            0.016733,           0.0037111,               0.954,             0.97354,             0.97646,             0.60388,            0.033181,            0.009966,           0.0020817,            0.007063,            0.007063,            0.007063
                  91,            0.032486,             0.01566,           0.0034303,             0.95926,             0.96168,             0.97285,             0.66055,            0.030767,            0.010156,           0.0020246,             0.00703,             0.00703,             0.00703
                  92,             0.03366,            0.016768,           0.0039239,             0.95033,             0.96776,             0.97812,             0.69378,            0.029622,            0.010008,            0.002017,            0.006997,            0.006997,            0.006997
                  93,            0.031897,            0.017866,           0.0028304,             0.91174,             0.97503,             0.98508,             0.65802,            0.026835,             0.01006,           0.0019439,            0.006964,            0.006964,            0.006964
                  94,            0.030956,            0.016231,           0.0030042,             0.93722,             0.95581,             0.96981,             0.69968,            0.027533,             0.01016,            0.001919,            0.006931,            0.006931,            0.006931
                  95,            0.027639,            0.016209,           0.0032327,             0.96592,             0.96149,             0.97108,             0.68043,            0.026099,            0.010063,           0.0018822,            0.006898,            0.006898,            0.006898
                  96,            0.029901,            0.017534,           0.0039764,             0.93752,             0.95591,             0.97088,             0.65046,            0.031966,            0.010431,           0.0018937,            0.006865,            0.006865,            0.006865
                  97,            0.030101,            0.015062,           0.0031311,             0.96477,             0.96062,             0.98233,             0.63719,             0.02823,            0.010529,           0.0019183,            0.006832,            0.006832,            0.006832
                  98,            0.028835,            0.016214,           0.0030228,             0.95927,             0.95396,             0.98065,             0.69144,            0.026447,            0.010269,           0.0019483,            0.006799,            0.006799,            0.006799
                  99,            0.028194,            0.015156,           0.0035201,              0.9468,             0.98884,             0.98662,             0.68464,              0.0294,            0.010453,            0.001924,            0.006766,            0.006766,            0.006766
                 100,            0.029581,            0.015853,           0.0035117,             0.93651,             0.97725,             0.97791,             0.68084,            0.026931,            0.010154,           0.0020313,            0.006733,            0.006733,            0.006733
                 101,            0.027817,            0.014965,           0.0031287,             0.91708,             0.96329,             0.97917,             0.70447,            0.026162,            0.010121,           0.0020125,              0.0067,              0.0067,              0.0067
                 102,            0.027001,             0.01635,           0.0037939,             0.95424,             0.95969,             0.97122,             0.71144,            0.026722,            0.010321,           0.0020969,            0.006667,            0.006667,            0.006667
                 103,             0.02761,              0.0158,           0.0034884,              0.9535,              0.9658,             0.97197,             0.70635,            0.025266,            0.010309,           0.0020881,            0.006634,            0.006634,            0.006634
                 104,            0.030931,            0.016942,           0.0029518,             0.95361,             0.98679,             0.97826,             0.64824,            0.030963,            0.010532,           0.0020743,            0.006601,            0.006601,            0.006601
                 105,            0.029752,            0.015843,           0.0033025,             0.96668,             0.98596,             0.98562,             0.69444,            0.024864,            0.010166,           0.0021839,            0.006568,            0.006568,            0.006568
                 106,            0.029465,            0.016221,           0.0023936,             0.97328,             0.97683,             0.97551,             0.61854,            0.030561,             0.01043,           0.0020556,            0.006535,            0.006535,            0.006535
                 107,            0.029921,            0.016209,           0.0035853,              0.9726,             0.97098,             0.97462,             0.67675,            0.025532,            0.010211,           0.0020569,            0.006502,            0.006502,            0.006502
                 108,            0.027452,            0.014511,           0.0030072,             0.95957,             0.98479,             0.98347,             0.65279,            0.026787,            0.010218,           0.0020548,            0.006469,            0.006469,            0.006469
                 109,            0.026563,            0.015408,            0.002201,             0.96529,             0.98318,             0.98152,             0.69577,            0.024577,           0.0099107,           0.0019314,            0.006436,            0.006436,            0.006436
                 110,            0.029662,            0.015348,           0.0028374,             0.97293,             0.95592,             0.98241,               0.603,            0.033806,            0.010417,           0.0017939,            0.006403,            0.006403,            0.006403
                 111,            0.030775,            0.014642,           0.0034586,             0.98194,             0.94529,             0.98241,             0.71454,            0.026739,            0.010027,           0.0018245,             0.00637,             0.00637,             0.00637
                 112,            0.031227,            0.017488,           0.0030692,             0.87126,             0.97117,             0.92512,             0.66307,            0.025564,            0.010365,            0.001814,            0.006337,            0.006337,            0.006337
                 113,            0.028034,            0.016254,             0.00388,             0.87121,             0.96826,              0.9251,             0.65857,            0.027607,            0.010262,           0.0018288,            0.006304,            0.006304,            0.006304
                 114,            0.029798,            0.016295,            0.003267,             0.87227,             0.97249,             0.98588,             0.70402,            0.026227,            0.010238,           0.0017941,            0.006271,            0.006271,            0.006271
                 115,            0.029384,            0.015706,           0.0037507,             0.96926,             0.97563,             0.98246,             0.71503,            0.028142,            0.010218,           0.0017832,            0.006238,            0.006238,            0.006238
                 116,            0.030208,            0.015533,           0.0025517,             0.93962,             0.94215,             0.98284,             0.71678,            0.028174,            0.010058,           0.0017052,            0.006205,            0.006205,            0.006205
                 117,            0.029729,            0.017312,           0.0023573,             0.90856,             0.96466,              0.9798,             0.71008,            0.026266,            0.010195,           0.0017053,            0.006172,            0.006172,            0.006172
                 118,            0.029666,            0.015092,           0.0026962,             0.95553,             0.96759,             0.97459,             0.67415,            0.026704,            0.010343,           0.0017022,            0.006139,            0.006139,            0.006139
                 119,            0.026368,            0.015472,           0.0029432,             0.95468,             0.96457,             0.98256,             0.71794,            0.023855,           0.0099328,           0.0016687,            0.006106,            0.006106,            0.006106
                 120,            0.026394,             0.01519,           0.0028729,             0.94929,              0.9522,             0.97556,             0.67603,            0.027135,            0.010162,           0.0016475,            0.006073,            0.006073,            0.006073
                 121,             0.02645,            0.015383,           0.0023041,             0.96117,             0.94794,             0.98446,             0.72537,            0.024213,           0.0099582,           0.0016823,             0.00604,             0.00604,             0.00604
                 122,            0.027394,            0.015999,           0.0025814,             0.96191,             0.95216,             0.97765,             0.72786,            0.027421,            0.010067,           0.0017157,            0.006007,            0.006007,            0.006007
                 123,            0.027129,            0.015136,           0.0027587,             0.97561,             0.97249,             0.98571,             0.72972,            0.024077,           0.0099844,           0.0017234,            0.005974,            0.005974,            0.005974
                 124,            0.026683,            0.013925,           0.0033472,             0.97475,             0.96668,             0.97989,             0.71552,            0.025535,            0.010189,           0.0017462,            0.005941,            0.005941,            0.005941
                 125,            0.026354,            0.015006,           0.0033584,             0.97525,              0.9688,             0.98411,             0.73118,            0.025683,            0.010085,           0.0017613,            0.005908,            0.005908,            0.005908
                 126,            0.026876,            0.014902,           0.0023148,             0.97808,             0.96726,             0.97517,             0.70825,            0.027203,           0.0099382,           0.0017464,            0.005875,            0.005875,            0.005875
                 127,            0.026896,             0.01532,           0.0029928,             0.97859,             0.96711,              0.9803,              0.7148,            0.026515,            0.010109,           0.0018109,            0.005842,            0.005842,            0.005842
                 128,            0.028426,            0.015086,           0.0034601,              0.9662,             0.96697,              0.9761,              0.6808,             0.02585,           0.0099001,           0.0018593,            0.005809,            0.005809,            0.005809
                 129,             0.02797,            0.016203,           0.0027776,              0.9692,              0.9669,             0.97666,             0.70671,            0.024966,           0.0099849,           0.0019448,            0.005776,            0.005776,            0.005776
                 130,            0.027563,            0.016607,           0.0032829,             0.96317,             0.97026,             0.97718,              0.7102,            0.024891,            0.010134,           0.0020001,            0.005743,            0.005743,            0.005743
                 131,            0.026231,            0.014319,           0.0028239,             0.96737,             0.95733,             0.97491,             0.69545,            0.027343,            0.010348,           0.0020143,             0.00571,             0.00571,             0.00571
                 132,            0.026957,            0.015998,           0.0024523,             0.97084,             0.96695,             0.97586,             0.64147,            0.025524,           0.0097318,           0.0018533,            0.005677,            0.005677,            0.005677
                 133,            0.027673,            0.015258,           0.0023256,             0.96095,             0.96683,             0.97541,             0.73592,            0.025213,           0.0097341,           0.0018388,            0.005644,            0.005644,            0.005644
                 134,            0.026221,            0.014133,           0.0025239,             0.95975,             0.98201,             0.98279,             0.67144,            0.026373,           0.0097197,           0.0017571,            0.005611,            0.005611,            0.005611
                 135,            0.024789,            0.015038,           0.0029096,             0.96553,             0.96429,             0.97451,             0.75234,            0.022719,           0.0095696,           0.0017479,            0.005578,            0.005578,            0.005578
                 136,             0.02647,            0.014575,           0.0022596,             0.94792,             0.95959,             0.97524,             0.59801,            0.028667,           0.0098382,           0.0016535,            0.005545,            0.005545,            0.005545
                 137,            0.026984,             0.01336,           0.0021297,             0.94977,             0.97152,             0.97439,             0.64382,            0.027443,           0.0096502,           0.0015745,            0.005512,            0.005512,            0.005512
                 138,            0.027087,            0.014986,           0.0026965,             0.95696,             0.97679,             0.97834,             0.70719,            0.024099,           0.0095821,           0.0015123,            0.005479,            0.005479,            0.005479
                 139,            0.025671,            0.015813,           0.0026406,             0.94605,             0.95917,             0.97927,             0.73538,            0.024082,           0.0095111,           0.0014501,            0.005446,            0.005446,            0.005446
                 140,            0.024319,            0.014953,           0.0024851,             0.96369,             0.96431,             0.98103,             0.74427,            0.022464,           0.0094853,           0.0013981,            0.005413,            0.005413,            0.005413
                 141,            0.024308,            0.014502,           0.0025545,             0.96078,             0.95973,             0.97486,             0.72029,            0.025954,           0.0098588,           0.0013488,             0.00538,             0.00538,             0.00538
                 142,            0.024574,            0.015178,            0.002939,             0.96316,             0.96523,             0.97732,             0.74552,            0.023118,           0.0095298,           0.0013354,            0.005347,            0.005347,            0.005347
                 143,            0.024144,            0.014377,           0.0033454,             0.95898,             0.97251,             0.98014,             0.73436,            0.024248,           0.0095348,           0.0014045,            0.005314,            0.005314,            0.005314
                 144,            0.023366,            0.014344,           0.0027771,             0.96863,             0.95983,             0.97514,             0.73648,            0.024046,           0.0097593,           0.0014316,            0.005281,            0.005281,            0.005281
                 145,            0.024002,             0.01531,           0.0032237,             0.96601,             0.96262,              0.9755,             0.72694,            0.022612,            0.009681,           0.0015466,            0.005248,            0.005248,            0.005248
                 146,            0.024158,            0.014427,           0.0029711,             0.96598,             0.96847,             0.97542,             0.72662,            0.023546,           0.0098783,           0.0016122,            0.005215,            0.005215,            0.005215
                 147,            0.024274,            0.014888,           0.0026519,             0.96678,             0.97038,              0.9797,              0.7198,            0.023074,           0.0097149,           0.0017316,            0.005182,            0.005182,            0.005182
                 148,            0.023363,            0.015721,           0.0021955,             0.96382,             0.98268,             0.98179,             0.73804,            0.022755,           0.0096436,           0.0017274,            0.005149,            0.005149,            0.005149
                 149,            0.023451,            0.014745,           0.0022474,             0.95225,             0.97521,             0.98061,             0.69845,            0.024727,           0.0095941,           0.0016822,            0.005116,            0.005116,            0.005116
                 150,            0.023604,            0.013842,           0.0022642,             0.95048,             0.97124,             0.97557,             0.76705,            0.022344,           0.0094824,           0.0016176,            0.005083,            0.005083,            0.005083
                 151,            0.024436,            0.013532,            0.002085,             0.96198,             0.97677,              0.9837,             0.76131,            0.026425,           0.0097915,           0.0014969,             0.00505,             0.00505,             0.00505
                 152,            0.025272,            0.015884,           0.0021348,             0.97298,             0.97737,             0.98063,             0.75553,            0.022312,            0.009705,           0.0014247,            0.005017,            0.005017,            0.005017
                 153,            0.024029,            0.014189,           0.0018044,             0.96887,              0.9718,             0.97577,             0.72788,            0.026494,            0.010084,            0.001376,            0.004984,            0.004984,            0.004984
                 154,            0.022545,             0.01493,           0.0020553,             0.97539,              0.9747,             0.97614,             0.74361,            0.021835,           0.0095932,           0.0013421,            0.004951,            0.004951,            0.004951
                 155,            0.023347,            0.013482,           0.0020006,             0.97556,             0.97548,             0.98336,             0.69975,            0.026136,           0.0099909,            0.001297,            0.004918,            0.004918,            0.004918
                 156,            0.024593,             0.01524,           0.0023006,             0.98423,             0.97717,             0.97964,             0.73618,            0.022763,           0.0096493,           0.0012562,            0.004885,            0.004885,            0.004885
                 157,            0.026021,            0.014691,           0.0023398,             0.98063,             0.96472,             0.97518,             0.68132,            0.026312,            0.010088,           0.0012566,            0.004852,            0.004852,            0.004852
                 158,            0.024561,            0.015121,            0.002872,             0.97989,             0.97037,             0.98053,             0.73729,            0.023296,            0.010023,           0.0013071,            0.004819,            0.004819,            0.004819
                 159,            0.023832,            0.014028,           0.0020341,             0.97087,             0.96339,             0.97579,             0.70996,            0.025646,            0.010138,           0.0012967,            0.004786,            0.004786,            0.004786
                 160,            0.023408,            0.016063,           0.0024753,             0.97445,             0.96984,             0.98402,             0.74659,            0.022909,            0.009621,           0.0013327,            0.004753,            0.004753,            0.004753
                 161,            0.023059,             0.01472,           0.0033006,             0.97249,             0.97168,             0.98511,             0.73282,            0.023398,           0.0096743,           0.0013471,             0.00472,             0.00472,             0.00472
                 162,            0.022867,            0.013854,           0.0017267,             0.96628,             0.96608,             0.97912,             0.75419,            0.023664,           0.0096468,           0.0013672,            0.004687,            0.004687,            0.004687
                 163,            0.022855,            0.014407,           0.0026614,             0.96684,             0.96743,             0.97929,             0.75049,            0.023756,            0.009685,           0.0013046,            0.004654,            0.004654,            0.004654
                 164,            0.022557,            0.013623,           0.0031418,             0.96209,             0.96313,             0.97367,             0.74505,             0.02407,           0.0096331,            0.001316,            0.004621,            0.004621,            0.004621
                 165,            0.022842,            0.015072,           0.0023406,             0.96704,             0.97138,             0.97778,             0.73056,            0.024295,           0.0097267,           0.0012683,            0.004588,            0.004588,            0.004588
                 166,            0.024102,            0.015081,           0.0017344,             0.96871,             0.96797,             0.97183,             0.75042,            0.023622,           0.0094802,           0.0012548,            0.004555,            0.004555,            0.004555
                 167,            0.023712,            0.013834,           0.0031077,             0.96968,             0.96981,             0.97336,             0.73808,            0.023881,           0.0097713,           0.0012876,            0.004522,            0.004522,            0.004522
                 168,            0.021842,            0.013089,           0.0018487,             0.97323,             0.97017,             0.97568,             0.77319,            0.022191,           0.0094984,           0.0013298,            0.004489,            0.004489,            0.004489
                 169,            0.021579,            0.013607,           0.0020328,             0.96881,              0.9735,             0.96948,             0.77005,            0.021721,           0.0094463,           0.0013356,            0.004456,            0.004456,            0.004456
                 170,            0.021748,            0.014218,           0.0021756,             0.97185,             0.95985,             0.96963,             0.72754,              0.0241,           0.0095507,           0.0013332,            0.004423,            0.004423,            0.004423
                 171,            0.022157,            0.013631,           0.0019155,             0.96465,             0.96508,             0.97656,             0.73808,            0.022895,           0.0096608,           0.0012811,             0.00439,             0.00439,             0.00439
                 172,            0.023983,            0.014217,           0.0025931,              0.9652,             0.95662,             0.96918,             0.73414,            0.023745,           0.0095552,           0.0013268,            0.004357,            0.004357,            0.004357
                 173,            0.023512,            0.013513,            0.002203,             0.96597,             0.96206,              0.9694,             0.71841,             0.02463,           0.0098719,            0.001311,            0.004324,            0.004324,            0.004324
                 174,            0.023044,            0.014309,           0.0028137,             0.96033,             0.96185,             0.96921,             0.71986,            0.022465,           0.0097942,           0.0013526,            0.004291,            0.004291,            0.004291
                 175,            0.022059,             0.01502,           0.0021187,             0.96695,             0.96066,             0.96925,             0.72785,            0.023674,           0.0099147,           0.0013055,            0.004258,            0.004258,            0.004258
                 176,            0.022298,            0.014592,           0.0028821,             0.97442,             0.95818,             0.97507,              0.7517,            0.022607,            0.009521,           0.0013106,            0.004225,            0.004225,            0.004225
                 177,            0.020947,            0.014602,           0.0021895,             0.97664,             0.95282,             0.97342,             0.75791,            0.021927,           0.0097066,            0.001302,            0.004192,            0.004192,            0.004192
                 178,            0.020412,            0.014813,           0.0021694,             0.97546,             0.95647,             0.97325,             0.71945,              0.0224,           0.0095745,           0.0012795,            0.004159,            0.004159,            0.004159
                 179,            0.020709,            0.013912,           0.0021799,             0.97322,              0.9589,             0.97325,             0.69524,            0.022353,           0.0097728,           0.0012347,            0.004126,            0.004126,            0.004126
                 180,            0.021507,            0.013279,           0.0021614,             0.96913,             0.96284,              0.9741,             0.77124,            0.021777,           0.0098253,            0.001204,            0.004093,            0.004093,            0.004093
                 181,            0.021279,            0.014075,           0.0024713,             0.96545,             0.96325,             0.96931,             0.72955,            0.023457,             0.01004,           0.0011705,             0.00406,             0.00406,             0.00406
                 182,            0.021666,            0.013248,           0.0023935,             0.96291,             0.96679,             0.97329,             0.78299,            0.022201,           0.0098348,           0.0011496,            0.004027,            0.004027,            0.004027
                 183,            0.020415,            0.013407,           0.0024072,             0.96232,             0.97117,             0.97504,             0.76518,            0.022015,           0.0099138,           0.0011312,            0.003994,            0.003994,            0.003994
                 184,            0.019269,            0.013172,            0.002521,             0.96376,             0.96599,             0.97004,             0.73858,            0.021681,           0.0098373,           0.0011212,            0.003961,            0.003961,            0.003961
                 185,            0.020375,            0.013197,           0.0017645,             0.97224,              0.9539,             0.97482,              0.7733,            0.022035,           0.0097069,           0.0010945,            0.003928,            0.003928,            0.003928
                 186,            0.021699,            0.014451,           0.0022508,              0.9724,             0.95393,             0.97509,             0.73388,            0.022969,           0.0096841,           0.0010611,            0.003895,            0.003895,            0.003895
                 187,            0.021931,            0.014692,           0.0015029,             0.97911,             0.95954,             0.97878,             0.74139,            0.021967,           0.0097214,           0.0010499,            0.003862,            0.003862,            0.003862
                 188,            0.022326,            0.013749,           0.0027325,             0.97335,             0.95362,             0.98111,             0.76315,            0.021808,           0.0096474,           0.0010063,            0.003829,            0.003829,            0.003829
                 189,            0.020931,            0.014048,           0.0017943,             0.97497,             0.95323,             0.98043,              0.7121,            0.023354,           0.0098503,          0.00099851,            0.003796,            0.003796,            0.003796
                 190,            0.022045,            0.013443,           0.0016936,             0.97484,             0.95271,             0.97345,             0.70566,            0.021733,           0.0096416,          0.00095778,            0.003763,            0.003763,            0.003763
                 191,            0.020873,            0.014904,           0.0022954,             0.96496,             0.97039,             0.97383,             0.72562,            0.022346,           0.0095647,          0.00095214,             0.00373,             0.00373,             0.00373
                 192,            0.019628,            0.014537,           0.0018001,             0.96614,             0.96824,              0.9764,             0.75029,             0.02138,           0.0095248,          0.00093631,            0.003697,            0.003697,            0.003697
                 193,            0.020196,            0.012857,           0.0018028,             0.96661,              0.9703,             0.97631,             0.76254,             0.02222,           0.0095453,          0.00095506,            0.003664,            0.003664,            0.003664
                 194,            0.020896,            0.013081,           0.0017735,             0.96834,             0.96321,             0.97351,             0.74587,            0.021859,           0.0093803,           0.0009475,            0.003631,            0.003631,            0.003631
                 195,            0.020366,            0.013429,           0.0016601,             0.97061,             0.95928,             0.97193,             0.76691,            0.021577,            0.009385,          0.00096409,            0.003598,            0.003598,            0.003598
                 196,            0.021664,            0.013436,           0.0017616,             0.97201,             0.96226,             0.97216,             0.75574,            0.022625,           0.0094544,          0.00094838,            0.003565,            0.003565,            0.003565
                 197,            0.020307,            0.012514,           0.0017963,             0.97103,             0.96578,             0.97488,             0.74554,            0.022704,            0.009523,          0.00094562,            0.003532,            0.003532,            0.003532
                 198,            0.020509,            0.013889,           0.0012392,              0.9717,             0.96127,             0.97491,             0.74977,            0.021297,            0.009348,          0.00090776,            0.003499,            0.003499,            0.003499
                 199,            0.019778,              0.0121,           0.0017405,             0.97164,             0.96248,             0.97495,             0.76976,            0.021589,           0.0094936,          0.00089548,            0.003466,            0.003466,            0.003466
                 200,            0.020479,            0.013324,           0.0018497,             0.97284,             0.96445,             0.98202,             0.74036,            0.021597,           0.0094665,          0.00089663,            0.003433,            0.003433,            0.003433
                 201,            0.019425,            0.012826,           0.0027655,             0.97048,             0.96238,             0.97316,             0.74884,            0.021804,           0.0095539,          0.00091161,              0.0034,              0.0034,              0.0034
                 202,            0.020183,            0.013228,           0.0017459,             0.97199,             0.96159,             0.97132,             0.78063,            0.020964,           0.0094303,          0.00093112,            0.003367,            0.003367,            0.003367
                 203,             0.02084,            0.013815,           0.0016467,             0.97104,             0.96451,              0.9775,              0.7384,            0.022593,           0.0095124,          0.00096035,            0.003334,            0.003334,            0.003334
                 204,            0.020366,            0.013727,           0.0013344,             0.97057,             0.96365,             0.97891,             0.76813,            0.021349,           0.0094609,          0.00096184,            0.003301,            0.003301,            0.003301
                 205,            0.020867,            0.015565,           0.0017588,             0.97061,             0.96373,               0.978,              0.7017,            0.021383,           0.0093868,          0.00097706,            0.003268,            0.003268,            0.003268
                 206,            0.021232,            0.014618,           0.0013327,             0.97332,             0.96048,             0.97379,             0.75296,            0.021342,           0.0094861,          0.00094828,            0.003235,            0.003235,            0.003235
                 207,            0.021309,             0.01377,           0.0020089,             0.97147,              0.9608,             0.97699,             0.71879,            0.023111,           0.0096132,          0.00095973,            0.003202,            0.003202,            0.003202
                 208,            0.022345,            0.012768,           0.0018565,             0.97128,             0.96033,              0.9742,             0.75845,            0.022311,           0.0096767,          0.00094945,            0.003169,            0.003169,            0.003169
                 209,            0.021566,            0.013447,           0.0017672,             0.97032,              0.9588,             0.97095,             0.75679,            0.022069,           0.0095062,           0.0009751,            0.003136,            0.003136,            0.003136
                 210,            0.020188,            0.012834,           0.0016832,             0.96979,             0.95657,             0.96999,             0.77197,            0.020942,           0.0095137,          0.00098692,            0.003103,            0.003103,            0.003103
                 211,            0.019723,            0.013102,           0.0014782,             0.97209,              0.9578,             0.97717,             0.72775,            0.023029,           0.0094413,           0.0010144,             0.00307,             0.00307,             0.00307
                 212,            0.019769,            0.013011,           0.0014126,             0.97015,             0.95882,             0.97737,             0.74932,            0.021403,           0.0095012,           0.0010016,            0.003037,            0.003037,            0.003037
                 213,            0.019874,            0.013929,           0.0014732,             0.96666,             0.96312,             0.97865,             0.74351,            0.022406,           0.0094466,          0.00097948,            0.003004,            0.003004,            0.003004
                 214,            0.020012,            0.014808,            0.001318,             0.96435,             0.96861,             0.97126,             0.77361,            0.020932,           0.0093986,          0.00093173,            0.002971,            0.002971,            0.002971
                 215,            0.020375,            0.013453,           0.0020539,             0.97097,             0.96876,             0.97161,             0.75381,            0.021588,           0.0094327,           0.0009338,            0.002938,            0.002938,            0.002938
                 216,            0.018898,            0.013761,           0.0013962,             0.97235,             0.96806,             0.97782,             0.78004,            0.020646,           0.0094684,          0.00092784,            0.002905,            0.002905,            0.002905
                 217,            0.019184,            0.012544,           0.0019805,             0.97162,             0.97022,             0.97214,             0.76394,            0.021218,           0.0094274,           0.0009301,            0.002872,            0.002872,            0.002872
                 218,            0.018408,            0.013789,           0.0023382,             0.97083,              0.9714,             0.97261,             0.77337,            0.020271,           0.0093365,          0.00092856,            0.002839,            0.002839,            0.002839
                 219,            0.018882,            0.013174,           0.0020983,             0.96771,             0.97312,             0.97126,             0.74925,            0.022652,           0.0093881,          0.00093925,            0.002806,            0.002806,            0.002806
                 220,             0.01891,            0.013991,           0.0014958,             0.96771,             0.97209,             0.97274,             0.77301,            0.020462,           0.0093672,          0.00095387,            0.002773,            0.002773,            0.002773
                 221,            0.018998,            0.012743,           0.0020055,             0.96919,             0.96993,             0.97295,             0.76265,            0.022333,           0.0095729,          0.00094622,             0.00274,             0.00274,             0.00274
                 222,            0.017835,            0.013208,           0.0017689,             0.96803,             0.97061,             0.97349,             0.77862,             0.02059,           0.0093889,          0.00094578,            0.002707,            0.002707,            0.002707
                 223,            0.019743,            0.013405,           0.0013976,             0.96757,             0.97117,             0.97334,             0.74112,            0.022471,           0.0094963,          0.00094336,            0.002674,            0.002674,            0.002674
                 224,            0.020036,            0.011935,           0.0013152,              0.9673,             0.97117,             0.97413,             0.75664,            0.021594,           0.0094055,          0.00090365,            0.002641,            0.002641,            0.002641
                 225,            0.019666,            0.014061,           0.0016188,             0.96961,             0.97142,             0.97401,             0.74953,            0.021555,           0.0094212,          0.00086759,            0.002608,            0.002608,            0.002608
                 226,            0.017798,             0.01417,           0.0014477,             0.97038,             0.97297,             0.97634,             0.76514,            0.020799,           0.0092758,          0.00083489,            0.002575,            0.002575,            0.002575
                 227,            0.017717,            0.013424,           0.0019542,             0.97138,             0.97337,             0.97603,             0.75898,            0.020969,           0.0091856,          0.00081296,            0.002542,            0.002542,            0.002542
                 228,            0.017436,            0.013692,           0.0014596,             0.97194,             0.97405,             0.97584,              0.7618,             0.02069,           0.0092225,           0.0007913,            0.002509,            0.002509,            0.002509
                 229,            0.018499,            0.013235,           0.0017729,             0.97316,             0.97269,             0.97532,             0.75995,            0.021463,           0.0093864,          0.00079104,            0.002476,            0.002476,            0.002476
                 230,            0.018318,            0.012168,           0.0021306,             0.97222,             0.97301,             0.98081,             0.75857,            0.020622,           0.0093874,          0.00076662,            0.002443,            0.002443,            0.002443
                 231,            0.018256,            0.013452,           0.0016195,             0.97223,             0.96588,             0.97525,             0.74564,            0.021252,           0.0094659,          0.00075727,             0.00241,             0.00241,             0.00241
                 232,             0.01808,            0.012572,           0.0010183,              0.9734,             0.96375,             0.97485,             0.74292,            0.020552,           0.0094707,          0.00075028,            0.002377,            0.002377,            0.002377
                 233,            0.018298,            0.013837,           0.0015726,             0.97394,             0.96326,             0.97495,              0.7369,            0.020879,           0.0095298,          0.00075745,            0.002344,            0.002344,            0.002344
                 234,            0.018342,            0.013273,           0.0016047,             0.97371,             0.96221,             0.97453,             0.75505,            0.020441,           0.0095126,          0.00075723,            0.002311,            0.002311,            0.002311
                 235,            0.017645,            0.013312,           0.0013649,             0.97341,             0.96208,              0.9746,             0.74887,            0.020437,           0.0094264,          0.00076317,            0.002278,            0.002278,            0.002278
                 236,            0.016972,            0.012917,          0.00092885,             0.97221,             0.96251,             0.97406,             0.75384,            0.020686,           0.0095416,          0.00077296,            0.002245,            0.002245,            0.002245
                 237,            0.017103,             0.01205,            0.001602,             0.97408,             0.96125,             0.97396,             0.75182,            0.020778,           0.0096708,          0.00077928,            0.002212,            0.002212,            0.002212
                 238,            0.016424,            0.012866,           0.0015157,             0.96827,             0.95753,             0.97373,             0.74036,            0.020824,            0.009678,          0.00078396,            0.002179,            0.002179,            0.002179
                 239,             0.01644,            0.012524,           0.0018594,             0.96919,             0.95795,             0.97412,             0.75477,            0.021026,           0.0096264,          0.00077456,            0.002146,            0.002146,            0.002146
                 240,            0.016982,            0.014298,           0.0013275,               0.973,             0.96229,             0.97445,             0.75045,            0.020474,            0.009602,          0.00076771,            0.002113,            0.002113,            0.002113
                 241,            0.017485,            0.013933,           0.0015204,             0.97188,             0.96392,             0.97438,             0.75003,              0.0207,           0.0095509,          0.00077242,             0.00208,             0.00208,             0.00208
                 242,            0.017511,             0.01231,            0.001346,             0.97088,             0.96468,             0.97299,             0.76816,            0.020675,           0.0096092,          0.00078015,            0.002047,            0.002047,            0.002047
                 243,            0.016969,             0.01187,           0.0017489,             0.97078,             0.96494,             0.97249,             0.75721,             0.02057,           0.0096131,          0.00077387,            0.002014,            0.002014,            0.002014
                 244,            0.017009,             0.01247,           0.0012904,             0.97195,             0.96372,             0.97354,             0.74785,            0.020434,            0.009539,          0.00076024,            0.001981,            0.001981,            0.001981
                 245,            0.016764,            0.011405,           0.0012733,             0.97274,             0.96388,             0.97368,             0.77202,            0.020584,           0.0095149,          0.00075271,            0.001948,            0.001948,            0.001948
                 246,            0.016252,            0.011549,           0.0011294,             0.97311,             0.96375,             0.97464,             0.76764,            0.020347,           0.0095216,           0.0007428,            0.001915,            0.001915,            0.001915
                 247,            0.016642,            0.012518,           0.0020139,             0.97287,              0.9631,             0.97444,             0.77076,            0.020017,           0.0095617,          0.00071105,            0.001882,            0.001882,            0.001882
                 248,            0.016064,            0.011398,           0.0023931,             0.97276,             0.96363,             0.97475,             0.76635,             0.02022,           0.0096431,          0.00069596,            0.001849,            0.001849,            0.001849
                 249,            0.017013,            0.012624,           0.0018794,             0.97395,             0.96434,             0.97455,             0.75365,            0.020598,           0.0096641,            0.000693,            0.001816,            0.001816,            0.001816
                 250,             0.01677,            0.011973,           0.0016742,             0.97406,             0.96432,             0.97429,             0.76642,            0.020255,           0.0095981,          0.00069645,            0.001783,            0.001783,            0.001783
                 251,            0.017251,            0.012569,           0.0016319,             0.97406,             0.96284,               0.974,             0.77396,            0.020593,           0.0095646,          0.00070847,             0.00175,             0.00175,             0.00175
                 252,            0.017238,            0.011687,          0.00098455,             0.97439,             0.96255,             0.97396,             0.75907,            0.020386,           0.0094878,          0.00072665,            0.001717,            0.001717,            0.001717
                 253,            0.016791,            0.012468,           0.0016237,              0.9749,             0.96211,             0.97485,             0.77116,            0.020566,           0.0094849,          0.00074094,            0.001684,            0.001684,            0.001684
                 254,            0.017172,            0.011868,           0.0011151,             0.96664,             0.96514,             0.97406,             0.77164,            0.020393,           0.0094306,          0.00074759,            0.001651,            0.001651,            0.001651
                 255,            0.016908,            0.011751,           0.0021496,             0.97186,             0.97232,             0.97525,             0.76301,            0.020953,           0.0094846,             0.00077,            0.001618,            0.001618,            0.001618
                 256,            0.016256,            0.011633,          0.00088927,             0.97255,             0.96933,             0.97567,             0.77783,            0.020342,            0.009478,           0.0007722,            0.001585,            0.001585,            0.001585
                 257,            0.016458,            0.012548,           0.0014079,             0.97331,             0.96724,             0.97964,             0.76767,            0.020603,           0.0094747,          0.00076518,            0.001552,            0.001552,            0.001552
                 258,            0.016206,            0.012164,           0.0013648,             0.97144,             0.96902,              0.9754,             0.75782,            0.020196,           0.0094328,          0.00077394,            0.001519,            0.001519,            0.001519
                 259,            0.016704,            0.012303,           0.0017213,             0.97073,             0.97147,             0.97613,             0.77662,            0.020419,           0.0095007,          0.00077014,            0.001486,            0.001486,            0.001486
                 260,            0.016354,            0.012457,           0.0014956,             0.96919,             0.96972,             0.97526,             0.79284,            0.020066,           0.0095117,          0.00075829,            0.001453,            0.001453,            0.001453
                 261,            0.015987,            0.012463,           0.0018855,             0.97163,             0.96463,             0.97542,             0.79396,            0.020287,           0.0095523,          0.00073911,             0.00142,             0.00142,             0.00142
                 262,            0.017657,            0.012671,           0.0016268,             0.97199,             0.96371,             0.97564,              0.7847,            0.020287,           0.0094833,           0.0007158,            0.001387,            0.001387,            0.001387
                 263,             0.01575,            0.012255,           0.0014862,             0.95785,              0.9703,             0.97565,             0.77247,              0.0202,           0.0094313,          0.00070372,            0.001354,            0.001354,            0.001354
                 264,             0.01531,            0.012234,           0.0014705,             0.95659,             0.97128,             0.97577,              0.7788,            0.020263,           0.0094271,          0.00067994,            0.001321,            0.001321,            0.001321
                 265,            0.016188,            0.012836,           0.0010818,             0.95914,             0.97051,              0.9753,              0.7844,            0.019945,           0.0094235,          0.00066136,            0.001288,            0.001288,            0.001288
                 266,            0.015913,            0.012774,           0.0024663,             0.96178,             0.96973,             0.97531,             0.78047,            0.019821,           0.0094666,          0.00064328,            0.001255,            0.001255,            0.001255
                 267,            0.016086,            0.011897,             0.00185,             0.96692,             0.96406,             0.97508,              0.7769,            0.019835,           0.0094853,          0.00063194,            0.001222,            0.001222,            0.001222
                 268,            0.015695,            0.012289,           0.0011505,              0.9664,              0.9649,             0.97559,             0.78495,            0.019859,           0.0095064,          0.00062802,            0.001189,            0.001189,            0.001189
                 269,            0.016397,            0.011235,          0.00079348,             0.96515,             0.96457,             0.97558,              0.7731,            0.019979,           0.0095237,            0.000621,            0.001156,            0.001156,            0.001156
                 270,            0.015885,            0.011107,           0.0012821,             0.96505,             0.96451,             0.97572,             0.76269,            0.019902,           0.0094809,          0.00061539,            0.001123,            0.001123,            0.001123
                 271,            0.015553,            0.012336,           0.0012147,             0.96454,             0.96469,             0.97617,             0.75296,            0.020156,           0.0095372,          0.00061449,             0.00109,             0.00109,             0.00109
                 272,              0.0158,            0.012493,           0.0012878,             0.96479,             0.96484,              0.9762,             0.75361,            0.020136,           0.0095891,          0.00061098,            0.001057,            0.001057,            0.001057
                 273,            0.015846,            0.010986,          0.00095562,             0.96544,             0.96462,             0.97576,             0.76784,            0.020062,           0.0096174,          0.00060206,            0.001024,            0.001024,            0.001024
                 274,            0.016118,            0.011631,           0.0012121,             0.96613,              0.9644,             0.97576,             0.77012,            0.020075,           0.0096354,          0.00059561,            0.000991,            0.000991,            0.000991
                 275,            0.015539,            0.011929,           0.0014373,             0.96577,             0.96447,             0.97575,             0.74765,            0.020125,           0.0096133,          0.00059046,            0.000958,            0.000958,            0.000958
                 276,            0.015827,            0.011782,           0.0007712,             0.96569,             0.96465,             0.97555,             0.76992,            0.020307,           0.0095923,          0.00058427,            0.000925,            0.000925,            0.000925
                 277,            0.015646,            0.011274,           0.0017003,             0.96555,             0.96458,             0.97623,             0.76555,            0.020334,           0.0095705,          0.00057899,            0.000892,            0.000892,            0.000892
                 278,            0.015075,            0.012041,           0.0010194,             0.96624,             0.96283,             0.97644,             0.76595,            0.020146,            0.009504,          0.00057286,            0.000859,            0.000859,            0.000859
                 279,            0.016038,            0.012004,          0.00091564,             0.96673,             0.96183,             0.97601,             0.75666,            0.020081,           0.0094896,          0.00056486,            0.000826,            0.000826,            0.000826
                 280,            0.015098,            0.012264,           0.0013519,             0.96706,             0.96037,             0.97549,             0.74982,            0.020181,           0.0095042,          0.00055501,            0.000793,            0.000793,            0.000793
                 281,            0.015282,            0.012233,           0.0013408,             0.96778,             0.96017,             0.97542,             0.75449,            0.020073,           0.0095222,           0.0005511,             0.00076,             0.00076,             0.00076
                 282,             0.01535,            0.012065,           0.0012104,              0.9679,             0.96047,             0.97509,             0.76226,            0.020114,           0.0094985,           0.0005537,            0.000727,            0.000727,            0.000727
                 283,            0.015855,            0.011094,           0.0015256,             0.96843,             0.96111,             0.97523,             0.76662,            0.020008,           0.0094666,          0.00055403,            0.000694,            0.000694,            0.000694
                 284,            0.015512,            0.011818,          0.00089833,             0.96876,             0.96083,             0.97479,             0.76724,            0.020157,           0.0094958,          0.00055824,            0.000661,            0.000661,            0.000661
                 285,            0.016059,            0.012562,           0.0010367,             0.97471,             0.96517,             0.97929,             0.76727,            0.020183,           0.0094788,          0.00055796,            0.000628,            0.000628,            0.000628
                 286,            0.015137,            0.011477,           0.0011096,             0.97471,             0.96446,             0.98017,             0.76518,            0.020181,           0.0094784,          0.00055729,            0.000595,            0.000595,            0.000595
                 287,            0.015542,            0.012385,           0.0012838,             0.97474,             0.96408,             0.98029,             0.77252,            0.020085,           0.0094568,          0.00055665,            0.000562,            0.000562,            0.000562
                 288,            0.015028,            0.011962,           0.0014253,             0.97658,             0.96376,             0.98026,             0.77494,            0.019914,           0.0094326,          0.00055212,            0.000529,            0.000529,            0.000529
                 289,            0.015066,            0.012501,            0.001133,             0.97663,             0.96379,             0.98019,             0.77119,            0.019957,           0.0094469,          0.00055166,            0.000496,            0.000496,            0.000496
                 290,            0.014964,            0.011702,           0.0011191,             0.97572,             0.96384,             0.98017,             0.78014,            0.019988,           0.0094443,          0.00055098,            0.000463,            0.000463,            0.000463
                 291,            0.014746,            0.011683,          0.00095878,             0.96868,             0.95808,             0.97597,             0.78195,            0.019975,           0.0094532,          0.00054913,             0.00043,             0.00043,             0.00043
                 292,            0.015674,            0.011926,           0.0013328,             0.96781,             0.95813,             0.97603,             0.77508,            0.019971,           0.0094494,          0.00055275,            0.000397,            0.000397,            0.000397
                 293,            0.015772,            0.012737,           0.0012894,               0.967,             0.95855,             0.97602,             0.77256,            0.019951,           0.0094588,          0.00055017,            0.000364,            0.000364,            0.000364
                 294,            0.016112,            0.012347,          0.00098265,             0.96668,             0.95947,             0.97591,             0.77351,            0.020023,           0.0094809,          0.00055275,            0.000331,            0.000331,            0.000331
                 295,            0.015143,            0.012105,          0.00097699,             0.96668,             0.96077,             0.97598,             0.76837,            0.020049,           0.0094615,          0.00054951,            0.000298,            0.000298,            0.000298
                 296,            0.014613,            0.011513,          0.00095283,             0.96649,              0.9609,             0.97596,             0.76717,            0.020037,           0.0094464,          0.00054798,            0.000265,            0.000265,            0.000265
                 297,            0.015555,             0.01036,           0.0017949,             0.96647,             0.96189,             0.97552,             0.76808,            0.020001,            0.009458,          0.00054463,            0.000232,            0.000232,            0.000232
                 298,             0.01537,            0.011853,            0.001611,             0.96604,             0.96305,             0.97555,             0.77206,            0.020028,           0.0094634,           0.0005466,            0.000199,            0.000199,            0.000199
                 299,            0.015028,            0.010764,           0.0019237,             0.96637,             0.96214,             0.97547,             0.77127,            0.020056,           0.0094656,          0.00054644,            0.000166,            0.000166,            0.000166
